id;created_time;updated_time;description
1;2020-08-23T16:24:39;2020-08-24T05:16:30;function
2;2020-08-24T14:57:35;2020-08-23T21:30:44;budgetary management navigate bluetooth
3;2020-08-24T01:19:41;2020-08-24T00:08:04;Assistant
4;2020-08-24T02:03:05;2020-08-23T22:25:23;Buckinghamshire Liaison Fantastic
5;2020-08-24T06:41:39;2020-08-24T09:54:07;copy Cotton compress
6;2020-08-23T21:22:58;2020-08-23T18:01:11;methodologies red Kazakhstan
7;2020-08-24T02:59:08;2020-08-24T03:35:01;Zimbabwe Dollar
8;2020-08-24T01:04:02;2020-08-24T10:53:18;Latvia
9;2020-08-23T19:18:55;2020-08-24T02:00:54;Officer Coordinator
10;2020-08-23T20:39:28;2020-08-23T23:49:45;Computers
